location,scenario,future_period,gcm,temp_metric_name,temp_metric_value,historical_temp_metric_value,temp_deviation_from_historical,temp_rank,temp_class
Adelaide,ssp126,2030,NorESM2-MM,annual_mean_temperature,17.063,17.103,-0.04,1,coolest
Adelaide,ssp126,2030,CMCC-ESM2,annual_mean_temperature,17.536,17.103,0.433,2,
Adelaide,ssp126,2030,EC-Earth3,annual_mean_temperature,17.62,17.103,0.517,3,
Adelaide,ssp126,2030,MPI-ESM1-2-HR,annual_mean_temperature,17.639,17.103,0.536,4,median
Adelaide,ssp126,2030,ACCESS-CM2,annual_mean_temperature,17.693,17.103,0.589,5,
Adelaide,ssp126,2030,ACCESS-ESM1-5,annual_mean_temperature,17.728,17.103,0.625,6,
Adelaide,ssp126,2030,CESM2,annual_mean_temperature,18.344,17.103,1.241,7,hottest
Adelaide,ssp126,2050,NorESM2-MM,annual_mean_temperature,17.196,17.103,0.093,1,coolest
Adelaide,ssp126,2050,EC-Earth3,annual_mean_temperature,17.663,17.103,0.56,2,
Adelaide,ssp126,2050,MPI-ESM1-2-HR,annual_mean_temperature,17.685,17.103,0.582,3,
Adelaide,ssp126,2050,CMCC-ESM2,annual_mean_temperature,17.996,17.103,0.892,4,median
Adelaide,ssp126,2050,ACCESS-ESM1-5,annual_mean_temperature,18.018,17.103,0.915,5,
Adelaide,ssp126,2050,CESM2,annual_mean_temperature,18.225,17.103,1.122,6,
Adelaide,ssp126,2050,ACCESS-CM2,annual_mean_temperature,18.234,17.103,1.131,7,hottest
Adelaide,ssp126,2070,NorESM2-MM,annual_mean_temperature,17.105,17.103,0.002,1,coolest
Adelaide,ssp126,2070,MPI-ESM1-2-HR,annual_mean_temperature,17.706,17.103,0.603,2,
Adelaide,ssp126,2070,ACCESS-ESM1-5,annual_mean_temperature,17.971,17.103,0.868,3,
Adelaide,ssp126,2070,EC-Earth3,annual_mean_temperature,18.05,17.103,0.947,4,median
Adelaide,ssp126,2070,CMCC-ESM2,annual_mean_temperature,18.067,17.103,0.964,5,
Adelaide,ssp126,2070,ACCESS-CM2,annual_mean_temperature,18.482,17.103,1.379,6,
Adelaide,ssp126,2070,CESM2,annual_mean_temperature,18.76,17.103,1.657,7,hottest
Adelaide,ssp370,2030,NorESM2-MM,annual_mean_temperature,16.922,17.103,-0.181,1,coolest
Adelaide,ssp370,2030,MPI-ESM1-2-HR,annual_mean_temperature,17.316,17.103,0.213,2,
Adelaide,ssp370,2030,CMCC-ESM2,annual_mean_temperature,17.63,17.103,0.527,3,
Adelaide,ssp370,2030,EC-Earth3,annual_mean_temperature,17.756,17.103,0.653,4,median
Adelaide,ssp370,2030,ACCESS-ESM1-5,annual_mean_temperature,17.803,17.103,0.7,5,
Adelaide,ssp370,2030,ACCESS-CM2,annual_mean_temperature,17.891,17.103,0.788,6,
Adelaide,ssp370,2030,CESM2,annual_mean_temperature,18.131,17.103,1.028,7,hottest
Adelaide,ssp370,2050,NorESM2-MM,annual_mean_temperature,17.78,17.103,0.677,1,coolest
Adelaide,ssp370,2050,MPI-ESM1-2-HR,annual_mean_temperature,18.085,17.103,0.982,2,
Adelaide,ssp370,2050,EC-Earth3,annual_mean_temperature,18.156,17.103,1.052,3,
Adelaide,ssp370,2050,CMCC-ESM2,annual_mean_temperature,18.411,17.103,1.308,4,median
Adelaide,ssp370,2050,ACCESS-ESM1-5,annual_mean_temperature,18.525,17.103,1.422,5,
Adelaide,ssp370,2050,ACCESS-CM2,annual_mean_temperature,18.697,17.103,1.594,6,
Adelaide,ssp370,2050,CESM2,annual_mean_temperature,18.9,17.103,1.797,7,hottest
Adelaide,ssp370,2070,NorESM2-MM,annual_mean_temperature,18.443,17.103,1.34,1,coolest
Adelaide,ssp370,2070,MPI-ESM1-2-HR,annual_mean_temperature,18.701,17.103,1.598,2,
Adelaide,ssp370,2070,CMCC-ESM2,annual_mean_temperature,18.925,17.103,1.822,3,
Adelaide,ssp370,2070,EC-Earth3,annual_mean_temperature,19.003,17.103,1.9,4,median
Adelaide,ssp370,2070,ACCESS-ESM1-5,annual_mean_temperature,19.028,17.103,1.924,5,
Adelaide,ssp370,2070,CESM2,annual_mean_temperature,19.852,17.103,2.749,6,
Adelaide,ssp370,2070,ACCESS-CM2,annual_mean_temperature,19.86,17.103,2.757,7,hottest
Brisbane,ssp126,2030,MPI-ESM1-2-HR,annual_mean_temperature,20.759,20.244,0.514,1,coolest
Brisbane,ssp126,2030,EC-Earth3,annual_mean_temperature,20.814,20.244,0.569,2,
Brisbane,ssp126,2030,CMCC-ESM2,annual_mean_temperature,20.843,20.244,0.599,3,
Brisbane,ssp126,2030,NorESM2-MM,annual_mean_temperature,20.888,20.244,0.643,4,median
Brisbane,ssp126,2030,ACCESS-ESM1-5,annual_mean_temperature,20.931,20.244,0.687,5,
Brisbane,ssp126,2030,ACCESS-CM2,annual_mean_temperature,21.151,20.244,0.907,6,
Brisbane,ssp126,2030,CESM2,annual_mean_temperature,21.296,20.244,1.052,7,hottest
Brisbane,ssp126,2050,MPI-ESM1-2-HR,annual_mean_temperature,20.965,20.244,0.721,1,coolest
Brisbane,ssp126,2050,ACCESS-ESM1-5,annual_mean_temperature,21.087,20.244,0.843,2,
Brisbane,ssp126,2050,NorESM2-MM,annual_mean_temperature,21.093,20.244,0.848,3,
Brisbane,ssp126,2050,CMCC-ESM2,annual_mean_temperature,21.217,20.244,0.973,4,median
Brisbane,ssp126,2050,EC-Earth3,annual_mean_temperature,21.236,20.244,0.991,5,
Brisbane,ssp126,2050,ACCESS-CM2,annual_mean_temperature,21.502,20.244,1.257,6,
Brisbane,ssp126,2050,CESM2,annual_mean_temperature,21.73,20.244,1.485,7,hottest
Brisbane,ssp126,2070,MPI-ESM1-2-HR,annual_mean_temperature,21.067,20.244,0.823,1,coolest
Brisbane,ssp126,2070,ACCESS-ESM1-5,annual_mean_temperature,21.207,20.244,0.963,2,
Brisbane,ssp126,2070,NorESM2-MM,annual_mean_temperature,21.238,20.244,0.994,3,
Brisbane,ssp126,2070,EC-Earth3,annual_mean_temperature,21.328,20.244,1.084,4,median
Brisbane,ssp126,2070,CMCC-ESM2,annual_mean_temperature,21.612,20.244,1.367,5,
Brisbane,ssp126,2070,ACCESS-CM2,annual_mean_temperature,21.843,20.244,1.598,6,
Brisbane,ssp126,2070,CESM2,annual_mean_temperature,22.011,20.244,1.767,7,hottest
Brisbane,ssp370,2030,NorESM2-MM,annual_mean_temperature,20.727,20.244,0.482,1,coolest
Brisbane,ssp370,2030,MPI-ESM1-2-HR,annual_mean_temperature,20.8,20.244,0.556,2,
Brisbane,ssp370,2030,CMCC-ESM2,annual_mean_temperature,20.952,20.244,0.707,3,
Brisbane,ssp370,2030,ACCESS-CM2,annual_mean_temperature,21.042,20.244,0.797,4,median
Brisbane,ssp370,2030,EC-Earth3,annual_mean_temperature,21.075,20.244,0.831,5,
Brisbane,ssp370,2030,ACCESS-ESM1-5,annual_mean_temperature,21.145,20.244,0.901,6,
Brisbane,ssp370,2030,CESM2,annual_mean_temperature,21.216,20.244,0.971,7,hottest
Brisbane,ssp370,2050,NorESM2-MM,annual_mean_temperature,21.47,20.244,1.225,1,coolest
Brisbane,ssp370,2050,MPI-ESM1-2-HR,annual_mean_temperature,21.563,20.244,1.318,2,
Brisbane,ssp370,2050,CMCC-ESM2,annual_mean_temperature,21.624,20.244,1.38,3,
Brisbane,ssp370,2050,EC-Earth3,annual_mean_temperature,21.655,20.244,1.411,4,median
Brisbane,ssp370,2050,ACCESS-ESM1-5,annual_mean_temperature,21.897,20.244,1.652,5,
Brisbane,ssp370,2050,CESM2,annual_mean_temperature,22.087,20.244,1.843,6,
Brisbane,ssp370,2050,ACCESS-CM2,annual_mean_temperature,22.121,20.244,1.877,7,hottest
Brisbane,ssp370,2070,NorESM2-MM,annual_mean_temperature,21.979,20.244,1.735,1,coolest
Brisbane,ssp370,2070,MPI-ESM1-2-HR,annual_mean_temperature,22.02,20.244,1.775,2,
Brisbane,ssp370,2070,ACCESS-ESM1-5,annual_mean_temperature,22.511,20.244,2.267,3,
Brisbane,ssp370,2070,CMCC-ESM2,annual_mean_temperature,22.57,20.244,2.325,4,median
Brisbane,ssp370,2070,EC-Earth3,annual_mean_temperature,22.683,20.244,2.438,5,
Brisbane,ssp370,2070,ACCESS-CM2,annual_mean_temperature,23.035,20.244,2.79,6,
Brisbane,ssp370,2070,CESM2,annual_mean_temperature,23.213,20.244,2.968,7,hottest
Cairns,ssp126,2030,NorESM2-MM,annual_mean_temperature,24.97,24.577,0.393,1,coolest
Cairns,ssp126,2030,CMCC-ESM2,annual_mean_temperature,25.034,24.577,0.457,2,
Cairns,ssp126,2030,ACCESS-ESM1-5,annual_mean_temperature,25.189,24.577,0.611,3,
Cairns,ssp126,2030,EC-Earth3,annual_mean_temperature,25.248,24.577,0.671,4,median
Cairns,ssp126,2030,MPI-ESM1-2-HR,annual_mean_temperature,25.304,24.577,0.726,5,
Cairns,ssp126,2030,CESM2,annual_mean_temperature,25.383,24.577,0.806,6,
Cairns,ssp126,2030,ACCESS-CM2,annual_mean_temperature,25.412,24.577,0.834,7,hottest
Cairns,ssp126,2050,NorESM2-MM,annual_mean_temperature,25.246,24.577,0.668,1,coolest
Cairns,ssp126,2050,MPI-ESM1-2-HR,annual_mean_temperature,25.261,24.577,0.684,2,
Cairns,ssp126,2050,CMCC-ESM2,annual_mean_temperature,25.495,24.577,0.918,3,
Cairns,ssp126,2050,ACCESS-ESM1-5,annual_mean_temperature,25.554,24.577,0.977,4,median
Cairns,ssp126,2050,CESM2,annual_mean_temperature,25.629,24.577,1.052,5,
Cairns,ssp126,2050,EC-Earth3,annual_mean_temperature,25.639,24.577,1.062,6,
Cairns,ssp126,2050,ACCESS-CM2,annual_mean_temperature,25.81,24.577,1.232,7,hottest
Cairns,ssp126,2070,NorESM2-MM,annual_mean_temperature,25.253,24.577,0.676,1,coolest
Cairns,ssp126,2070,MPI-ESM1-2-HR,annual_mean_temperature,25.293,24.577,0.715,2,
Cairns,ssp126,2070,ACCESS-ESM1-5,annual_mean_temperature,25.544,24.577,0.966,3,
Cairns,ssp126,2070,CMCC-ESM2,annual_mean_temperature,25.655,24.577,1.077,4,median
Cairns,ssp126,2070,EC-Earth3,annual_mean_temperature,25.728,24.577,1.151,5,
Cairns,ssp126,2070,CESM2,annual_mean_temperature,25.748,24.577,1.17,6,
Cairns,ssp126,2070,ACCESS-CM2,annual_mean_temperature,26.054,24.577,1.477,7,hottest
Cairns,ssp370,2030,CMCC-ESM2,annual_mean_temperature,25.02,24.577,0.443,1,coolest
Cairns,ssp370,2030,MPI-ESM1-2-HR,annual_mean_temperature,25.158,24.577,0.581,2,
Cairns,ssp370,2030,NorESM2-MM,annual_mean_temperature,25.161,24.577,0.584,3,
Cairns,ssp370,2030,CESM2,annual_mean_temperature,25.261,24.577,0.683,4,median
Cairns,ssp370,2030,ACCESS-ESM1-5,annual_mean_temperature,25.312,24.577,0.735,5,
Cairns,ssp370,2030,ACCESS-CM2,annual_mean_temperature,25.376,24.577,0.798,6,
Cairns,ssp370,2030,EC-Earth3,annual_mean_temperature,25.526,24.577,0.949,7,hottest
Cairns,ssp370,2050,NorESM2-MM,annual_mean_temperature,25.679,24.577,1.101,1,coolest
Cairns,ssp370,2050,CMCC-ESM2,annual_mean_temperature,25.786,24.577,1.208,2,
Cairns,ssp370,2050,CESM2,annual_mean_temperature,25.857,24.577,1.279,3,
Cairns,ssp370,2050,MPI-ESM1-2-HR,annual_mean_temperature,25.892,24.577,1.314,4,median
Cairns,ssp370,2050,ACCESS-ESM1-5,annual_mean_temperature,26.078,24.577,1.501,5,
Cairns,ssp370,2050,EC-Earth3,annual_mean_temperature,26.201,24.577,1.623,6,
Cairns,ssp370,2050,ACCESS-CM2,annual_mean_temperature,26.357,24.577,1.78,7,hottest
Cairns,ssp370,2070,NorESM2-MM,annual_mean_temperature,26.243,24.577,1.666,1,coolest
Cairns,ssp370,2070,MPI-ESM1-2-HR,annual_mean_temperature,26.404,24.577,1.826,2,
Cairns,ssp370,2070,ACCESS-ESM1-5,annual_mean_temperature,26.65,24.577,2.073,3,
Cairns,ssp370,2070,CMCC-ESM2,annual_mean_temperature,26.716,24.577,2.139,4,median
Cairns,ssp370,2070,CESM2,annual_mean_temperature,27.033,24.577,2.455,5,
Cairns,ssp370,2070,EC-Earth3,annual_mean_temperature,27.117,24.577,2.539,6,
Cairns,ssp370,2070,ACCESS-CM2,annual_mean_temperature,27.246,24.577,2.669,7,hottest
Canberra,ssp126,2030,NorESM2-MM,annual_mean_temperature,13.558,13.29,0.268,1,coolest
Canberra,ssp126,2030,MPI-ESM1-2-HR,annual_mean_temperature,13.915,13.29,0.625,2,
Canberra,ssp126,2030,EC-Earth3,annual_mean_temperature,13.945,13.29,0.655,3,
Canberra,ssp126,2030,CMCC-ESM2,annual_mean_temperature,13.947,13.29,0.657,4,median
Canberra,ssp126,2030,ACCESS-CM2,annual_mean_temperature,14.06,13.29,0.77,5,
Canberra,ssp126,2030,ACCESS-ESM1-5,annual_mean_temperature,14.108,13.29,0.818,6,
Canberra,ssp126,2030,CESM2,annual_mean_temperature,14.559,13.29,1.269,7,hottest
Canberra,ssp126,2050,NorESM2-MM,annual_mean_temperature,13.878,13.29,0.588,1,coolest
Canberra,ssp126,2050,MPI-ESM1-2-HR,annual_mean_temperature,14.11,13.29,0.82,2,
Canberra,ssp126,2050,EC-Earth3,annual_mean_temperature,14.273,13.29,0.983,3,
Canberra,ssp126,2050,ACCESS-ESM1-5,annual_mean_temperature,14.321,13.29,1.031,4,median
Canberra,ssp126,2050,CMCC-ESM2,annual_mean_temperature,14.394,13.29,1.104,5,
Canberra,ssp126,2050,ACCESS-CM2,annual_mean_temperature,14.645,13.29,1.355,6,
Canberra,ssp126,2050,CESM2,annual_mean_temperature,14.885,13.29,1.595,7,hottest
Canberra,ssp126,2070,NorESM2-MM,annual_mean_temperature,13.716,13.29,0.426,1,coolest
Canberra,ssp126,2070,MPI-ESM1-2-HR,annual_mean_temperature,14.126,13.29,0.836,2,
Canberra,ssp126,2070,ACCESS-ESM1-5,annual_mean_temperature,14.342,13.29,1.052,3,
Canberra,ssp126,2070,EC-Earth3,annual_mean_temperature,14.543,13.29,1.253,4,median
Canberra,ssp126,2070,CMCC-ESM2,annual_mean_temperature,14.635,13.29,1.345,5,
Canberra,ssp126,2070,ACCESS-CM2,annual_mean_temperature,14.871,13.29,1.581,6,
Canberra,ssp126,2070,CESM2,annual_mean_temperature,15.269,13.29,1.979,7,hottest
Canberra,ssp370,2030,NorESM2-MM,annual_mean_temperature,13.365,13.29,0.075,1,coolest
Canberra,ssp370,2030,MPI-ESM1-2-HR,annual_mean_temperature,13.787,13.29,0.497,2,
Canberra,ssp370,2030,CMCC-ESM2,annual_mean_temperature,13.997,13.29,0.707,3,
Canberra,ssp370,2030,EC-Earth3,annual_mean_temperature,14.155,13.29,0.865,4,median
Canberra,ssp370,2030,ACCESS-ESM1-5,annual_mean_temperature,14.182,13.29,0.892,5,
Canberra,ssp370,2030,ACCESS-CM2,annual_mean_temperature,14.194,13.29,0.904,6,
Canberra,ssp370,2030,CESM2,annual_mean_temperature,14.568,13.29,1.278,7,hottest
Canberra,ssp370,2050,NorESM2-MM,annual_mean_temperature,14.296,13.29,1.006,1,coolest
Canberra,ssp370,2050,MPI-ESM1-2-HR,annual_mean_temperature,14.637,13.29,1.347,2,
Canberra,ssp370,2050,EC-Earth3,annual_mean_temperature,14.725,13.29,1.435,3,
Canberra,ssp370,2050,CMCC-ESM2,annual_mean_temperature,14.823,13.29,1.533,4,median
Canberra,ssp370,2050,ACCESS-ESM1-5,annual_mean_temperature,15.098,13.29,1.808,5,
Canberra,ssp370,2050,ACCESS-CM2,annual_mean_temperature,15.262,13.29,1.972,6,
Canberra,ssp370,2050,CESM2,annual_mean_temperature,15.568,13.29,2.277,7,hottest
Canberra,ssp370,2070,NorESM2-MM,annual_mean_temperature,15.067,13.29,1.777,1,coolest
Canberra,ssp370,2070,MPI-ESM1-2-HR,annual_mean_temperature,15.327,13.29,2.037,2,
Canberra,ssp370,2070,CMCC-ESM2,annual_mean_temperature,15.704,13.29,2.414,3,
Canberra,ssp370,2070,ACCESS-ESM1-5,annual_mean_temperature,15.718,13.29,2.428,4,median
Canberra,ssp370,2070,EC-Earth3,annual_mean_temperature,15.862,13.29,2.572,5,
Canberra,ssp370,2070,ACCESS-CM2,annual_mean_temperature,16.453,13.29,3.163,6,
Canberra,ssp370,2070,CESM2,annual_mean_temperature,16.738,13.29,3.447,7,hottest
Darwin,ssp126,2030,CMCC-ESM2,annual_mean_temperature,27.554,27.138,0.416,1,coolest
Darwin,ssp126,2030,MPI-ESM1-2-HR,annual_mean_temperature,27.7,27.138,0.561,2,
Darwin,ssp126,2030,EC-Earth3,annual_mean_temperature,27.825,27.138,0.687,3,
Darwin,ssp126,2030,NorESM2-MM,annual_mean_temperature,27.828,27.138,0.689,4,median
Darwin,ssp126,2030,ACCESS-CM2,annual_mean_temperature,27.9,27.138,0.762,5,
Darwin,ssp126,2030,CESM2,annual_mean_temperature,27.98,27.138,0.842,6,
Darwin,ssp126,2030,ACCESS-ESM1-5,annual_mean_temperature,27.998,27.138,0.86,7,hottest
Darwin,ssp126,2050,MPI-ESM1-2-HR,annual_mean_temperature,27.76,27.138,0.622,1,coolest
Darwin,ssp126,2050,NorESM2-MM,annual_mean_temperature,28.167,27.138,1.029,2,
Darwin,ssp126,2050,CMCC-ESM2,annual_mean_temperature,28.215,27.138,1.077,3,
Darwin,ssp126,2050,EC-Earth3,annual_mean_temperature,28.271,27.138,1.133,4,median
Darwin,ssp126,2050,ACCESS-CM2,annual_mean_temperature,28.307,27.138,1.169,5,
Darwin,ssp126,2050,CESM2,annual_mean_temperature,28.314,27.138,1.175,6,
Darwin,ssp126,2050,ACCESS-ESM1-5,annual_mean_temperature,28.43,27.138,1.292,7,hottest
Darwin,ssp126,2070,MPI-ESM1-2-HR,annual_mean_temperature,27.778,27.138,0.639,1,coolest
Darwin,ssp126,2070,NorESM2-MM,annual_mean_temperature,28.201,27.138,1.062,2,
Darwin,ssp126,2070,CMCC-ESM2,annual_mean_temperature,28.359,27.138,1.221,3,
Darwin,ssp126,2070,EC-Earth3,annual_mean_temperature,28.398,27.138,1.26,4,median
Darwin,ssp126,2070,CESM2,annual_mean_temperature,28.497,27.138,1.359,5,
Darwin,ssp126,2070,ACCESS-ESM1-5,annual_mean_temperature,28.498,27.138,1.36,6,
Darwin,ssp126,2070,ACCESS-CM2,annual_mean_temperature,28.656,27.138,1.518,7,hottest
Darwin,ssp370,2030,CMCC-ESM2,annual_mean_temperature,27.54,27.138,0.402,1,coolest
Darwin,ssp370,2030,MPI-ESM1-2-HR,annual_mean_temperature,27.583,27.138,0.444,2,
Darwin,ssp370,2030,NorESM2-MM,annual_mean_temperature,27.864,27.138,0.726,3,
Darwin,ssp370,2030,ACCESS-ESM1-5,annual_mean_temperature,27.918,27.138,0.78,4,median
Darwin,ssp370,2030,CESM2,annual_mean_temperature,27.986,27.138,0.848,5,
Darwin,ssp370,2030,ACCESS-CM2,annual_mean_temperature,27.992,27.138,0.854,6,
Darwin,ssp370,2030,EC-Earth3,annual_mean_temperature,28.004,27.138,0.866,7,hottest
Darwin,ssp370,2050,MPI-ESM1-2-HR,annual_mean_temperature,28.416,27.138,1.278,1,coolest
Darwin,ssp370,2050,CMCC-ESM2,annual_mean_temperature,28.46,27.138,1.322,2,
Darwin,ssp370,2050,NorESM2-MM,annual_mean_temperature,28.512,27.138,1.374,3,
Darwin,ssp370,2050,CESM2,annual_mean_temperature,28.653,27.138,1.515,4,median
Darwin,ssp370,2050,EC-Earth3,annual_mean_temperature,28.779,27.138,1.641,5,
Darwin,ssp370,2050,ACCESS-ESM1-5,annual_mean_temperature,28.925,27.138,1.787,6,
Darwin,ssp370,2050,ACCESS-CM2,annual_mean_temperature,28.994,27.138,1.856,7,hottest
Darwin,ssp370,2070,MPI-ESM1-2-HR,annual_mean_temperature,28.992,27.138,1.854,1,coolest
Darwin,ssp370,2070,NorESM2-MM,annual_mean_temperature,29.088,27.138,1.95,2,
Darwin,ssp370,2070,CMCC-ESM2,annual_mean_temperature,29.392,27.138,2.253,3,
Darwin,ssp370,2070,ACCESS-ESM1-5,annual_mean_temperature,29.601,27.138,2.463,4,median
Darwin,ssp370,2070,CESM2,annual_mean_temperature,29.804,27.138,2.666,5,
Darwin,ssp370,2070,EC-Earth3,annual_mean_temperature,29.855,27.138,2.717,6,
Darwin,ssp370,2070,ACCESS-CM2,annual_mean_temperature,30.092,27.138,2.954,7,hottest
Hobart,ssp126,2030,NorESM2-MM,annual_mean_temperature,12.747,12.651,0.097,1,coolest
Hobart,ssp126,2030,ACCESS-ESM1-5,annual_mean_temperature,13.002,12.651,0.351,2,
Hobart,ssp126,2030,EC-Earth3,annual_mean_temperature,13.226,12.651,0.576,3,
Hobart,ssp126,2030,CMCC-ESM2,annual_mean_temperature,13.267,12.651,0.616,4,median
Hobart,ssp126,2030,ACCESS-CM2,annual_mean_temperature,13.333,12.651,0.682,5,
Hobart,ssp126,2030,MPI-ESM1-2-HR,annual_mean_temperature,13.402,12.651,0.752,6,
Hobart,ssp126,2030,CESM2,annual_mean_temperature,13.7,12.651,1.049,7,hottest
Hobart,ssp126,2050,NorESM2-MM,annual_mean_temperature,12.901,12.651,0.251,1,coolest
Hobart,ssp126,2050,EC-Earth3,annual_mean_temperature,13.335,12.651,0.684,2,
Hobart,ssp126,2050,MPI-ESM1-2-HR,annual_mean_temperature,13.358,12.651,0.707,3,
Hobart,ssp126,2050,ACCESS-ESM1-5,annual_mean_temperature,13.37,12.651,0.719,4,median
Hobart,ssp126,2050,CESM2,annual_mean_temperature,13.741,12.651,1.091,5,
Hobart,ssp126,2050,CMCC-ESM2,annual_mean_temperature,13.806,12.651,1.156,6,
Hobart,ssp126,2050,ACCESS-CM2,annual_mean_temperature,13.83,12.651,1.179,7,hottest
Hobart,ssp126,2070,NorESM2-MM,annual_mean_temperature,12.864,12.651,0.214,1,coolest
Hobart,ssp126,2070,MPI-ESM1-2-HR,annual_mean_temperature,13.313,12.651,0.662,2,
Hobart,ssp126,2070,ACCESS-ESM1-5,annual_mean_temperature,13.392,12.651,0.741,3,
Hobart,ssp126,2070,EC-Earth3,annual_mean_temperature,13.721,12.651,1.07,4,median
Hobart,ssp126,2070,CMCC-ESM2,annual_mean_temperature,13.859,12.651,1.208,5,
Hobart,ssp126,2070,ACCESS-CM2,annual_mean_temperature,14.097,12.651,1.446,6,
Hobart,ssp126,2070,CESM2,annual_mean_temperature,14.208,12.651,1.557,7,hottest
Hobart,ssp370,2030,NorESM2-MM,annual_mean_temperature,12.666,12.651,0.016,1,coolest
Hobart,ssp370,2030,MPI-ESM1-2-HR,annual_mean_temperature,13.059,12.651,0.408,2,
Hobart,ssp370,2030,ACCESS-ESM1-5,annual_mean_temperature,13.157,12.651,0.507,3,
Hobart,ssp370,2030,EC-Earth3,annual_mean_temperature,13.359,12.651,0.708,4,median
Hobart,ssp370,2030,CMCC-ESM2,annual_mean_temperature,13.482,12.651,0.831,5,
Hobart,ssp370,2030,ACCESS-CM2,annual_mean_temperature,13.555,12.651,0.904,6,
Hobart,ssp370,2030,CESM2,annual_mean_temperature,13.646,12.651,0.995,7,hottest
Hobart,ssp370,2050,NorESM2-MM,annual_mean_temperature,13.458,12.651,0.807,1,coolest
Hobart,ssp370,2050,ACCESS-ESM1-5,annual_mean_temperature,13.721,12.651,1.07,2,
Hobart,ssp370,2050,MPI-ESM1-2-HR,annual_mean_temperature,13.903,12.651,1.252,3,
Hobart,ssp370,2050,EC-Earth3,annual_mean_temperature,13.91,12.651,1.259,4,median
Hobart,ssp370,2050,CMCC-ESM2,annual_mean_temperature,14.051,12.651,1.4,5,
Hobart,ssp370,2050,ACCESS-CM2,annual_mean_temperature,14.386,12.651,1.735,6,
Hobart,ssp370,2050,CESM2,annual_mean_temperature,14.423,12.651,1.772,7,hottest
Hobart,ssp370,2070,NorESM2-MM,annual_mean_temperature,14.006,12.651,1.355,1,coolest
Hobart,ssp370,2070,ACCESS-ESM1-5,annual_mean_temperature,14.311,12.651,1.66,2,
Hobart,ssp370,2070,MPI-ESM1-2-HR,annual_mean_temperature,14.582,12.651,1.932,3,
Hobart,ssp370,2070,EC-Earth3,annual_mean_temperature,14.625,12.651,1.974,4,median
Hobart,ssp370,2070,CMCC-ESM2,annual_mean_temperature,14.713,12.651,2.062,5,
Hobart,ssp370,2070,CESM2,annual_mean_temperature,15.248,12.651,2.598,6,
Hobart,ssp370,2070,ACCESS-CM2,annual_mean_temperature,15.449,12.651,2.798,7,hottest
Longreach,ssp126,2030,MPI-ESM1-2-HR,annual_mean_temperature,24.176,23.617,0.56,1,coolest
Longreach,ssp126,2030,EC-Earth3,annual_mean_temperature,24.208,23.617,0.591,2,
Longreach,ssp126,2030,CMCC-ESM2,annual_mean_temperature,24.296,23.617,0.68,3,
Longreach,ssp126,2030,NorESM2-MM,annual_mean_temperature,24.324,23.617,0.707,4,median
Longreach,ssp126,2030,ACCESS-ESM1-5,annual_mean_temperature,24.495,23.617,0.878,5,
Longreach,ssp126,2030,ACCESS-CM2,annual_mean_temperature,24.707,23.617,1.09,6,
Longreach,ssp126,2030,CESM2,annual_mean_temperature,24.983,23.617,1.366,7,hottest
Longreach,ssp126,2050,MPI-ESM1-2-HR,annual_mean_temperature,24.308,23.617,0.691,1,coolest
Longreach,ssp126,2050,NorESM2-MM,annual_mean_temperature,24.608,23.617,0.992,2,
Longreach,ssp126,2050,EC-Earth3,annual_mean_temperature,24.638,23.617,1.021,3,
Longreach,ssp126,2050,ACCESS-ESM1-5,annual_mean_temperature,24.791,23.617,1.174,4,median
Longreach,ssp126,2050,CMCC-ESM2,annual_mean_temperature,24.86,23.617,1.243,5,
Longreach,ssp126,2050,ACCESS-CM2,annual_mean_temperature,25.245,23.617,1.629,6,
Longreach,ssp126,2050,CESM2,annual_mean_temperature,25.444,23.617,1.827,7,hottest
Longreach,ssp126,2070,MPI-ESM1-2-HR,annual_mean_temperature,24.505,23.617,0.888,1,coolest
Longreach,ssp126,2070,NorESM2-MM,annual_mean_temperature,24.689,23.617,1.072,2,
Longreach,ssp126,2070,EC-Earth3,annual_mean_temperature,24.754,23.617,1.137,3,
Longreach,ssp126,2070,ACCESS-ESM1-5,annual_mean_temperature,24.922,23.617,1.305,4,median
Longreach,ssp126,2070,CMCC-ESM2,annual_mean_temperature,25.214,23.617,1.597,5,
Longreach,ssp126,2070,ACCESS-CM2,annual_mean_temperature,25.585,23.617,1.968,6,
Longreach,ssp126,2070,CESM2,annual_mean_temperature,25.67,23.617,2.053,7,hottest
Longreach,ssp370,2030,MPI-ESM1-2-HR,annual_mean_temperature,24.095,23.617,0.478,1,coolest
Longreach,ssp370,2030,NorESM2-MM,annual_mean_temperature,24.32,23.617,0.703,2,
Longreach,ssp370,2030,CMCC-ESM2,annual_mean_temperature,24.474,23.617,0.857,3,
Longreach,ssp370,2030,ACCESS-ESM1-5,annual_mean_temperature,24.605,23.617,0.988,4,median
Longreach,ssp370,2030,EC-Earth3,annual_mean_temperature,24.63,23.617,1.013,5,
Longreach,ssp370,2030,ACCESS-CM2,annual_mean_temperature,24.71,23.617,1.093,6,
Longreach,ssp370,2030,CESM2,annual_mean_temperature,24.883,23.617,1.266,7,hottest
Longreach,ssp370,2050,MPI-ESM1-2-HR,annual_mean_temperature,25.085,23.617,1.469,1,coolest
Longreach,ssp370,2050,NorESM2-MM,annual_mean_temperature,25.207,23.617,1.59,2,
Longreach,ssp370,2050,EC-Earth3,annual_mean_temperature,25.213,23.617,1.596,3,
Longreach,ssp370,2050,CMCC-ESM2,annual_mean_temperature,25.378,23.617,1.761,4,median
Longreach,ssp370,2050,ACCESS-ESM1-5,annual_mean_temperature,25.794,23.617,2.178,5,
Longreach,ssp370,2050,CESM2,annual_mean_temperature,25.896,23.617,2.279,6,
Longreach,ssp370,2050,ACCESS-CM2,annual_mean_temperature,26.086,23.617,2.469,7,hottest
Longreach,ssp370,2070,MPI-ESM1-2-HR,annual_mean_temperature,25.84,23.617,2.223,1,coolest
Longreach,ssp370,2070,NorESM2-MM,annual_mean_temperature,25.918,23.617,2.301,2,
Longreach,ssp370,2070,ACCESS-ESM1-5,annual_mean_temperature,26.422,23.617,2.805,3,
Longreach,ssp370,2070,CMCC-ESM2,annual_mean_temperature,26.484,23.617,2.868,4,median
Longreach,ssp370,2070,EC-Earth3,annual_mean_temperature,26.518,23.617,2.901,5,
Longreach,ssp370,2070,CESM2,annual_mean_temperature,27.281,23.617,3.665,6,
Longreach,ssp370,2070,ACCESS-CM2,annual_mean_temperature,27.356,23.617,3.74,7,hottest
Melbourne,ssp126,2030,NorESM2-MM,annual_mean_temperature,14.341,14.352,-0.011,1,coolest
Melbourne,ssp126,2030,ACCESS-ESM1-5,annual_mean_temperature,14.829,14.352,0.476,2,
Melbourne,ssp126,2030,EC-Earth3,annual_mean_temperature,14.907,14.352,0.555,3,
Melbourne,ssp126,2030,CMCC-ESM2,annual_mean_temperature,14.915,14.352,0.563,4,median
Melbourne,ssp126,2030,ACCESS-CM2,annual_mean_temperature,14.94,14.352,0.588,5,
Melbourne,ssp126,2030,MPI-ESM1-2-HR,annual_mean_temperature,15.011,14.352,0.659,6,
Melbourne,ssp126,2030,CESM2,annual_mean_temperature,15.618,14.352,1.266,7,hottest
Melbourne,ssp126,2050,NorESM2-MM,annual_mean_temperature,14.457,14.352,0.104,1,coolest
Melbourne,ssp126,2050,MPI-ESM1-2-HR,annual_mean_temperature,14.939,14.352,0.587,2,
Melbourne,ssp126,2050,EC-Earth3,annual_mean_temperature,14.959,14.352,0.607,3,
Melbourne,ssp126,2050,ACCESS-ESM1-5,annual_mean_temperature,15.147,14.352,0.795,4,median
Melbourne,ssp126,2050,CMCC-ESM2,annual_mean_temperature,15.395,14.352,1.043,5,
Melbourne,ssp126,2050,ACCESS-CM2,annual_mean_temperature,15.531,14.352,1.179,6,
Melbourne,ssp126,2050,CESM2,annual_mean_temperature,15.554,14.352,1.202,7,hottest
Melbourne,ssp126,2070,NorESM2-MM,annual_mean_temperature,14.376,14.352,0.024,1,coolest
Melbourne,ssp126,2070,MPI-ESM1-2-HR,annual_mean_temperature,15.045,14.352,0.693,2,
Melbourne,ssp126,2070,ACCESS-ESM1-5,annual_mean_temperature,15.101,14.352,0.749,3,
Melbourne,ssp126,2070,EC-Earth3,annual_mean_temperature,15.379,14.352,1.027,4,median
Melbourne,ssp126,2070,CMCC-ESM2,annual_mean_temperature,15.432,14.352,1.08,5,
Melbourne,ssp126,2070,ACCESS-CM2,annual_mean_temperature,15.82,14.352,1.468,6,
Melbourne,ssp126,2070,CESM2,annual_mean_temperature,16.027,14.352,1.675,7,hottest
Melbourne,ssp370,2030,NorESM2-MM,annual_mean_temperature,14.198,14.352,-0.154,1,coolest
Melbourne,ssp370,2030,MPI-ESM1-2-HR,annual_mean_temperature,14.642,14.352,0.29,2,
Melbourne,ssp370,2030,ACCESS-ESM1-5,annual_mean_temperature,14.976,14.352,0.624,3,
Melbourne,ssp370,2030,EC-Earth3,annual_mean_temperature,15.007,14.352,0.655,4,median
Melbourne,ssp370,2030,CMCC-ESM2,annual_mean_temperature,15.028,14.352,0.676,5,
Melbourne,ssp370,2030,ACCESS-CM2,annual_mean_temperature,15.177,14.352,0.825,6,
Melbourne,ssp370,2030,CESM2,annual_mean_temperature,15.41,14.352,1.057,7,hottest
Melbourne,ssp370,2050,NorESM2-MM,annual_mean_temperature,15.042,14.352,0.69,1,coolest
Melbourne,ssp370,2050,MPI-ESM1-2-HR,annual_mean_temperature,15.46,14.352,1.108,2,
Melbourne,ssp370,2050,EC-Earth3,annual_mean_temperature,15.541,14.352,1.188,3,
Melbourne,ssp370,2050,ACCESS-ESM1-5,annual_mean_temperature,15.643,14.352,1.291,4,median
Melbourne,ssp370,2050,CMCC-ESM2,annual_mean_temperature,15.779,14.352,1.427,5,
Melbourne,ssp370,2050,ACCESS-CM2,annual_mean_temperature,16.103,14.352,1.751,6,
Melbourne,ssp370,2050,CESM2,annual_mean_temperature,16.277,14.352,1.925,7,hottest
Melbourne,ssp370,2070,NorESM2-MM,annual_mean_temperature,15.648,14.352,1.296,1,coolest
Melbourne,ssp370,2070,MPI-ESM1-2-HR,annual_mean_temperature,16.095,14.352,1.743,2,
Melbourne,ssp370,2070,ACCESS-ESM1-5,annual_mean_temperature,16.189,14.352,1.837,3,
Melbourne,ssp370,2070,EC-Earth3,annual_mean_temperature,16.288,14.352,1.935,4,median
Melbourne,ssp370,2070,CMCC-ESM2,annual_mean_temperature,16.323,14.352,1.971,5,
Melbourne,ssp370,2070,CESM2,annual_mean_temperature,17.15,14.352,2.798,6,
Melbourne,ssp370,2070,ACCESS-CM2,annual_mean_temperature,17.295,14.352,2.943,7,hottest
Mildura,ssp126,2030,NorESM2-MM,annual_mean_temperature,17.355,17.291,0.064,1,coolest
Mildura,ssp126,2030,CMCC-ESM2,annual_mean_temperature,17.792,17.291,0.501,2,
Mildura,ssp126,2030,EC-Earth3,annual_mean_temperature,17.941,17.291,0.65,3,
Mildura,ssp126,2030,MPI-ESM1-2-HR,annual_mean_temperature,17.964,17.291,0.673,4,median
Mildura,ssp126,2030,ACCESS-CM2,annual_mean_temperature,17.978,17.291,0.687,5,
Mildura,ssp126,2030,ACCESS-ESM1-5,annual_mean_temperature,17.993,17.291,0.702,6,
Mildura,ssp126,2030,CESM2,annual_mean_temperature,18.562,17.291,1.271,7,hottest
Mildura,ssp126,2050,NorESM2-MM,annual_mean_temperature,17.577,17.291,0.286,1,coolest
Mildura,ssp126,2050,MPI-ESM1-2-HR,annual_mean_temperature,18.049,17.291,0.758,2,
Mildura,ssp126,2050,EC-Earth3,annual_mean_temperature,18.075,17.291,0.784,3,
Mildura,ssp126,2050,CMCC-ESM2,annual_mean_temperature,18.257,17.291,0.966,4,median
Mildura,ssp126,2050,ACCESS-ESM1-5,annual_mean_temperature,18.268,17.291,0.977,5,
Mildura,ssp126,2050,CESM2,annual_mean_temperature,18.567,17.291,1.276,6,
Mildura,ssp126,2050,ACCESS-CM2,annual_mean_temperature,18.594,17.291,1.303,7,hottest
Mildura,ssp126,2070,NorESM2-MM,annual_mean_temperature,17.418,17.291,0.127,1,coolest
Mildura,ssp126,2070,MPI-ESM1-2-HR,annual_mean_temperature,18.06,17.291,0.769,2,
Mildura,ssp126,2070,ACCESS-ESM1-5,annual_mean_temperature,18.156,17.291,0.864,3,
Mildura,ssp126,2070,CMCC-ESM2,annual_mean_temperature,18.347,17.291,1.056,4,median
Mildura,ssp126,2070,EC-Earth3,annual_mean_temperature,18.394,17.291,1.103,5,
Mildura,ssp126,2070,ACCESS-CM2,annual_mean_temperature,18.872,17.291,1.581,6,
Mildura,ssp126,2070,CESM2,annual_mean_temperature,19.081,17.291,1.79,7,hottest
Mildura,ssp370,2030,NorESM2-MM,annual_mean_temperature,17.217,17.291,-0.074,1,coolest
Mildura,ssp370,2030,MPI-ESM1-2-HR,annual_mean_temperature,17.618,17.291,0.327,2,
Mildura,ssp370,2030,CMCC-ESM2,annual_mean_temperature,17.795,17.291,0.504,3,
Mildura,ssp370,2030,ACCESS-ESM1-5,annual_mean_temperature,18.056,17.291,0.765,4,median
Mildura,ssp370,2030,EC-Earth3,annual_mean_temperature,18.092,17.291,0.801,5,
Mildura,ssp370,2030,ACCESS-CM2,annual_mean_temperature,18.222,17.291,0.931,6,
Mildura,ssp370,2030,CESM2,annual_mean_temperature,18.434,17.291,1.143,7,hottest
Mildura,ssp370,2050,NorESM2-MM,annual_mean_temperature,18.149,17.291,0.858,1,coolest
Mildura,ssp370,2050,MPI-ESM1-2-HR,annual_mean_temperature,18.593,17.291,1.302,2,
Mildura,ssp370,2050,EC-Earth3,annual_mean_temperature,18.63,17.291,1.339,3,
Mildura,ssp370,2050,CMCC-ESM2,annual_mean_temperature,18.692,17.291,1.401,4,median
Mildura,ssp370,2050,ACCESS-ESM1-5,annual_mean_temperature,18.863,17.291,1.572,5,
Mildura,ssp370,2050,ACCESS-CM2,annual_mean_temperature,19.148,17.291,1.857,6,
Mildura,ssp370,2050,CESM2,annual_mean_temperature,19.294,17.291,2.003,7,hottest
Mildura,ssp370,2070,NorESM2-MM,annual_mean_temperature,18.848,17.291,1.556,1,coolest
Mildura,ssp370,2070,MPI-ESM1-2-HR,annual_mean_temperature,19.212,17.291,1.921,2,
Mildura,ssp370,2070,CMCC-ESM2,annual_mean_temperature,19.356,17.291,2.065,3,
Mildura,ssp370,2070,ACCESS-ESM1-5,annual_mean_temperature,19.483,17.291,2.192,4,median
Mildura,ssp370,2070,EC-Earth3,annual_mean_temperature,19.624,17.291,2.333,5,
Mildura,ssp370,2070,CESM2,annual_mean_temperature,20.312,17.291,3.021,6,
Mildura,ssp370,2070,ACCESS-CM2,annual_mean_temperature,20.336,17.291,3.045,7,hottest
Perth,ssp126,2030,NorESM2-MM,annual_mean_temperature,18.436,18.369,0.067,1,coolest
Perth,ssp126,2030,CMCC-ESM2,annual_mean_temperature,18.828,18.369,0.459,2,
Perth,ssp126,2030,EC-Earth3,annual_mean_temperature,18.858,18.369,0.488,3,
Perth,ssp126,2030,ACCESS-ESM1-5,annual_mean_temperature,19.008,18.369,0.639,4,median
Perth,ssp126,2030,MPI-ESM1-2-HR,annual_mean_temperature,19.123,18.369,0.754,5,
Perth,ssp126,2030,ACCESS-CM2,annual_mean_temperature,19.124,18.369,0.755,6,
Perth,ssp126,2030,CESM2,annual_mean_temperature,19.381,18.369,1.012,7,hottest
Perth,ssp126,2050,NorESM2-MM,annual_mean_temperature,18.743,18.369,0.373,1,coolest
Perth,ssp126,2050,MPI-ESM1-2-HR,annual_mean_temperature,19.257,18.369,0.887,2,
Perth,ssp126,2050,EC-Earth3,annual_mean_temperature,19.277,18.369,0.907,3,
Perth,ssp126,2050,ACCESS-ESM1-5,annual_mean_temperature,19.283,18.369,0.914,4,median
Perth,ssp126,2050,CMCC-ESM2,annual_mean_temperature,19.509,18.369,1.14,5,
Perth,ssp126,2050,ACCESS-CM2,annual_mean_temperature,19.678,18.369,1.309,6,
Perth,ssp126,2050,CESM2,annual_mean_temperature,19.681,18.369,1.312,7,hottest
Perth,ssp126,2070,NorESM2-MM,annual_mean_temperature,18.669,18.369,0.3,1,coolest
Perth,ssp126,2070,MPI-ESM1-2-HR,annual_mean_temperature,18.906,18.369,0.537,2,
Perth,ssp126,2070,EC-Earth3,annual_mean_temperature,19.273,18.369,0.904,3,
Perth,ssp126,2070,ACCESS-ESM1-5,annual_mean_temperature,19.434,18.369,1.065,4,median
Perth,ssp126,2070,CMCC-ESM2,annual_mean_temperature,19.527,18.369,1.158,5,
Perth,ssp126,2070,ACCESS-CM2,annual_mean_temperature,19.567,18.369,1.198,6,
Perth,ssp126,2070,CESM2,annual_mean_temperature,20.038,18.369,1.669,7,hottest
Perth,ssp370,2030,NorESM2-MM,annual_mean_temperature,18.573,18.369,0.204,1,coolest
Perth,ssp370,2030,MPI-ESM1-2-HR,annual_mean_temperature,18.971,18.369,0.602,2,
Perth,ssp370,2030,CMCC-ESM2,annual_mean_temperature,18.976,18.369,0.607,3,
Perth,ssp370,2030,EC-Earth3,annual_mean_temperature,19.084,18.369,0.715,4,median
Perth,ssp370,2030,CESM2,annual_mean_temperature,19.135,18.369,0.765,5,
Perth,ssp370,2030,ACCESS-CM2,annual_mean_temperature,19.158,18.369,0.788,6,
Perth,ssp370,2030,ACCESS-ESM1-5,annual_mean_temperature,19.239,18.369,0.869,7,hottest
Perth,ssp370,2050,NorESM2-MM,annual_mean_temperature,19.282,18.369,0.913,1,coolest
Perth,ssp370,2050,EC-Earth3,annual_mean_temperature,19.651,18.369,1.282,2,
Perth,ssp370,2050,CMCC-ESM2,annual_mean_temperature,19.699,18.369,1.33,3,
Perth,ssp370,2050,MPI-ESM1-2-HR,annual_mean_temperature,19.792,18.369,1.423,4,median
Perth,ssp370,2050,ACCESS-ESM1-5,annual_mean_temperature,19.895,18.369,1.526,5,
Perth,ssp370,2050,ACCESS-CM2,annual_mean_temperature,20.229,18.369,1.86,6,
Perth,ssp370,2050,CESM2,annual_mean_temperature,20.359,18.369,1.99,7,hottest
Perth,ssp370,2070,NorESM2-MM,annual_mean_temperature,20.108,18.369,1.738,1,coolest
Perth,ssp370,2070,MPI-ESM1-2-HR,annual_mean_temperature,20.451,18.369,2.082,2,
Perth,ssp370,2070,EC-Earth3,annual_mean_temperature,20.64,18.369,2.27,3,
Perth,ssp370,2070,CMCC-ESM2,annual_mean_temperature,20.64,18.369,2.27,4,median
Perth,ssp370,2070,ACCESS-ESM1-5,annual_mean_temperature,20.887,18.369,2.518,5,
Perth,ssp370,2070,CESM2,annual_mean_temperature,21.25,18.369,2.881,6,
Perth,ssp370,2070,ACCESS-CM2,annual_mean_temperature,21.346,18.369,2.977,7,hottest
Sydney,ssp126,2030,NorESM2-MM,annual_mean_temperature,18.771,18.327,0.444,1,coolest
Sydney,ssp126,2030,MPI-ESM1-2-HR,annual_mean_temperature,18.801,18.327,0.474,2,
Sydney,ssp126,2030,CMCC-ESM2,annual_mean_temperature,18.929,18.327,0.602,3,
Sydney,ssp126,2030,EC-Earth3,annual_mean_temperature,18.936,18.327,0.61,4,median
Sydney,ssp126,2030,ACCESS-ESM1-5,annual_mean_temperature,19.118,18.327,0.791,5,
Sydney,ssp126,2030,ACCESS-CM2,annual_mean_temperature,19.131,18.327,0.804,6,
Sydney,ssp126,2030,CESM2,annual_mean_temperature,19.541,18.327,1.214,7,hottest
Sydney,ssp126,2050,NorESM2-MM,annual_mean_temperature,18.999,18.327,0.672,1,coolest
Sydney,ssp126,2050,MPI-ESM1-2-HR,annual_mean_temperature,19.013,18.327,0.687,2,
Sydney,ssp126,2050,ACCESS-ESM1-5,annual_mean_temperature,19.292,18.327,0.965,3,
Sydney,ssp126,2050,EC-Earth3,annual_mean_temperature,19.329,18.327,1.002,4,median
Sydney,ssp126,2050,CMCC-ESM2,annual_mean_temperature,19.336,18.327,1.009,5,
Sydney,ssp126,2050,ACCESS-CM2,annual_mean_temperature,19.647,18.327,1.32,6,
Sydney,ssp126,2050,CESM2,annual_mean_temperature,19.908,18.327,1.581,7,hottest
Sydney,ssp126,2070,NorESM2-MM,annual_mean_temperature,18.933,18.327,0.607,1,coolest
Sydney,ssp126,2070,MPI-ESM1-2-HR,annual_mean_temperature,19.108,18.327,0.781,2,
Sydney,ssp126,2070,ACCESS-ESM1-5,annual_mean_temperature,19.397,18.327,1.07,3,
Sydney,ssp126,2070,EC-Earth3,annual_mean_temperature,19.51,18.327,1.183,4,median
Sydney,ssp126,2070,CMCC-ESM2,annual_mean_temperature,19.625,18.327,1.298,5,
Sydney,ssp126,2070,ACCESS-CM2,annual_mean_temperature,19.92,18.327,1.593,6,
Sydney,ssp126,2070,CESM2,annual_mean_temperature,20.361,18.327,2.034,7,hottest
Sydney,ssp370,2030,NorESM2-MM,annual_mean_temperature,18.523,18.327,0.197,1,coolest
Sydney,ssp370,2030,MPI-ESM1-2-HR,annual_mean_temperature,18.762,18.327,0.435,2,
Sydney,ssp370,2030,CMCC-ESM2,annual_mean_temperature,19.034,18.327,0.707,3,
Sydney,ssp370,2030,EC-Earth3,annual_mean_temperature,19.113,18.327,0.786,4,median
Sydney,ssp370,2030,ACCESS-CM2,annual_mean_temperature,19.141,18.327,0.814,5,
Sydney,ssp370,2030,ACCESS-ESM1-5,annual_mean_temperature,19.218,18.327,0.891,6,
Sydney,ssp370,2030,CESM2,annual_mean_temperature,19.528,18.327,1.201,7,hottest
Sydney,ssp370,2050,NorESM2-MM,annual_mean_temperature,19.394,18.327,1.067,1,coolest
Sydney,ssp370,2050,MPI-ESM1-2-HR,annual_mean_temperature,19.596,18.327,1.269,2,
Sydney,ssp370,2050,EC-Earth3,annual_mean_temperature,19.692,18.327,1.365,3,
Sydney,ssp370,2050,CMCC-ESM2,annual_mean_temperature,19.724,18.327,1.398,4,median
Sydney,ssp370,2050,ACCESS-ESM1-5,annual_mean_temperature,20.006,18.327,1.679,5,
Sydney,ssp370,2050,ACCESS-CM2,annual_mean_temperature,20.264,18.327,1.938,6,
Sydney,ssp370,2050,CESM2,annual_mean_temperature,20.514,18.327,2.187,7,hottest
Sydney,ssp370,2070,NorESM2-MM,annual_mean_temperature,19.999,18.327,1.673,1,coolest
Sydney,ssp370,2070,MPI-ESM1-2-HR,annual_mean_temperature,20.103,18.327,1.776,2,
Sydney,ssp370,2070,CMCC-ESM2,annual_mean_temperature,20.629,18.327,2.302,3,
Sydney,ssp370,2070,ACCESS-ESM1-5,annual_mean_temperature,20.664,18.327,2.337,4,median
Sydney,ssp370,2070,EC-Earth3,annual_mean_temperature,20.808,18.327,2.481,5,
Sydney,ssp370,2070,ACCESS-CM2,annual_mean_temperature,21.321,18.327,2.994,6,
Sydney,ssp370,2070,CESM2,annual_mean_temperature,21.613,18.327,3.286,7,hottest
